Dataset,Filename,MFG Date,EXP Date
train,img_00002_jpg.rf.094c39b8fd273ee33e6b6c025c1f4d70.jpg,Not found,Not found
train,img_00004_jpg.rf.900c730542869fcccf6e3cbfbc53c60c.jpg,Not found,Not found
train,img_00005_jpg.rf.4820acb4e60bc60c3dc4e74e1e5e3f40.jpg,Not found,Not found
train,img_00006_jpg.rf.fcab3f9e17f59526b02d1ead1eb75c9d.jpg,Not found,Not found
train,img_00007_jpg.rf.438f7a31c11eae381f511beed8d87dce.jpg,Not found,Not found
train,img_00008_jpg.rf.219e13e824119bc7816106b7d71d4674.jpg,Not found,Not found
train,img_00009_jpg.rf.dd1d8affd6f8a9570980e83bbe480c6f.jpg,Not found,Not found
train,img_00010_jpg.rf.9d6d84d5e3e88d63faa15a45aac5a245.jpg,Not found,Not found
train,img_00011_jpg.rf.0e5d6a0b72114db6c572efa9d590d3c5.jpg,Not found,Not found
train,img_00012_jpg.rf.8be933debd1b3586d153620b45a2c425.jpg,Not found,Not found
train,img_00014_jpg.rf.c0cc529f5a9c4b99872bf0f28f150223.jpg,Not found,Not found
train,img_00015_jpg.rf.ff9d05c63a9fb86c253e2e1bd95c0207.jpg,2017-03-01,2017-03-01
train,img_00018_jpg.rf.a69f17adeac395fdc546c4395376ecf7.jpg,Not found,Not found
train,img_00021_jpg.rf.df112d7ab55e452975b81f06bf2fecf3.jpg,2018-08-04,2018-08-04
train,img_00022_jpg.rf.f3a89f1e3a13ef6b30476e623666ceff.jpg,Not found,Not found
train,img_00023_jpg.rf.1bb59d8edc7dd053cc369358588f31d5.jpg,Not found,Not found
train,img_00025_jpg.rf.f4899ae4db8e7945f1a7a2bf94503c6e.jpg,Not found,Not found
train,img_00026_jpg.rf.3acc1f3ba9e424797033f28e5d80019b.jpg,Not found,Not found
train,img_00028_jpg.rf.9d0f92fc06bd714857e3e7a63ebcc72a.jpg,Not found,Not found
train,img_00029_jpg.rf.3884cd3a4edc6411402c7d09634c54d7.jpg,Not found,Not found
train,img_00031_jpg.rf.9e81c8c612be02d9e6017b8178f2e29a.jpg,Not found,Not found
train,img_00032_jpg.rf.3289c405639859e7b3225c1d912f090e.jpg,Not found,Not found
train,img_00034_jpg.rf.ef09050e65ed420f6506b92038729ddd.jpg,Not found,Not found
train,img_00035_jpg.rf.f58102888ebcaa901ff139a342b56caf.jpg,Not found,Not found
train,img_00036_jpg.rf.758408db347282605567814f6c60fa3e.jpg,2023-10-01,2023-10-01
train,img_00037_jpg.rf.966fa5f67f89199598a11e9c111be2cf.jpg,Not found,Not found
train,img_00038_jpg.rf.354d4e9e26c48014f17e309ae3be3021.jpg,Not found,Not found
train,img_00040_jpg.rf.857114dccc542a31d193f874d7231eea.jpg,Not found,Not found
train,img_00042_jpg.rf.7083d0277b28c179cb8903caf0a26734.jpg,Not found,Not found
train,img_00043_jpg.rf.2596421493f8a9359ec3fa8ba291385c.jpg,Not found,Not found
train,img_00044_jpg.rf.9ca18683e68ada79159db51804fdfdb8.jpg,2021-07-01,2021-07-01
train,img_00045_jpg.rf.a49d171e861fcc3790b789c56b19d29d.jpg,Not found,Not found
train,img_00048_jpg.rf.5c1f5a278da8b31802582f6de2ef2823.jpg,Not found,Not found
train,img_00049_jpg.rf.e5bb18e6a8a3bc52c2f1902f7c04d78d.jpg,Not found,Not found
train,img_00050_jpg.rf.361d6b3e973b5a73235b8fe60dfd9a1b.jpg,Not found,Not found
train,img_00053_jpg.rf.aacedce5cd29b05a33b450f548608d62.jpg,Not found,Not found
train,img_00054_jpg.rf.ac19330ed92685978261633f8fe8cf15.jpg,Not found,Not found
train,img_00055_jpg.rf.cc49fc92b572cd768a5d0d0a951b98e0.jpg,Not found,Not found
train,img_00056_jpg.rf.17496ad56124b298964a8355ddbf4898.jpg,Not found,Not found
train,img_00058_jpg.rf.4ab9f32f739fcf212f5010a847370eb8.jpg,Not found,Not found
train,img_00059_jpg.rf.334378bd49b0cfc0e7415485c3331763.jpg,Not found,Not found
train,img_00060_jpg.rf.124e9fef0c0c0e2a1f4f0dc3464e75d1.jpg,Not found,Not found
train,img_00061_jpg.rf.0dac972be3859ee903b6f1321a2a5d01.jpg,Not found,Not found
train,img_00062_jpg.rf.f2fac63bcecfc61cf2840c8353bb3604.jpg,Not found,Not found
train,img_00063_jpg.rf.19c32a61ff048e9321bf3c68a4ab8b7b.jpg,Not found,Not found
train,img_00065_jpg.rf.77699d9821c030e7e5c64b70c2d3045f.jpg,Not found,Not found
train,img_00066_jpg.rf.acd4c0a37c2a1aea4d32a4dce1b9a52c.jpg,Not found,Not found
train,img_00067_jpg.rf.3a42cf855b674f2f1d048d074812e764.jpg,Not found,Not found
train,img_00069_jpg.rf.b724648ab08620b95c35151c4e04f712.jpg,Not found,Not found
train,img_00070_jpg.rf.4a98d6b95571ed473e5eb1f32db7afc6.jpg,Not found,Not found
train,img_00071_jpg.rf.a0c85e2075c7bfcf771fe650a25775e5.jpg,2022-07-01,2022-07-01
train,img_00073_jpg.rf.6156312370c2c4bf5101b5ab4cc168a9.jpg,Not found,Not found
train,img_00074_jpg.rf.12d07bb8b5e0ef286d95397b30e620b8.jpg,Not found,Not found
train,img_00076_jpg.rf.2f9d1ce76f9eaf8d429d7d0fc3fae1b7.jpg,Not found,Not found
train,img_00079_jpg.rf.56639068509ac4cd165e92ef404cb83c.jpg,Not found,Not found
train,img_00080_jpg.rf.0b9edea9f807a2445f135835e03a52fc.jpg,Not found,Not found
train,img_00081_jpg.rf.a65233eaaac6f1d14207b744a7737c61.jpg,Not found,Not found
train,img_00082_jpg.rf.47bbfacf062eed229dfa7261a027d680.jpg,Not found,Not found
train,img_00086_jpg.rf.de32fe8a7928e31a28c0fd2627550cb3.jpg,Not found,Not found
train,img_00088_jpg.rf.134d7ddd2ee55790ca0e8109fbce307e.jpg,Not found,Not found
train,img_00089_jpg.rf.8781330642b984ba25b76b4898685d69.jpg,Not found,Not found
train,img_00090_jpg.rf.c2bd4bc6366fa0318a2698679e5e8cc1.jpg,Not found,Not found
train,img_00091_jpg.rf.eda02aa104b27af150f99bd40e4a7d77.jpg,Not found,Not found
train,img_00092_jpg.rf.a52f524be5fecb5fcca327107ed6cd1c.jpg,Not found,Not found
train,img_00093_jpg.rf.4ad98e39c9cbe4131ca32f5ba9439827.jpg,Not found,Not found
train,img_00094_jpg.rf.de3d2b90726b649459efa45490f96526.jpg,Not found,Not found
train,img_00095_jpg.rf.accf379e279d063af69f747df1d9826d.jpg,Not found,Not found
train,img_00097_jpg.rf.1ae2d14dcd3e092f7831f197ecc5ee68.jpg,Not found,Not found
train,img_00098_jpg.rf.eada09b9e012c65b74cd320177506995.jpg,Not found,Not found
train,img_00099_jpg.rf.a9fb3b7d325cf17fd0953b33cb15aea0.jpg,Not found,Not found
train,img_00101_jpg.rf.321fe2cb18b44cc119ec589226115aba.jpg,2015-07-26,2015-07-26
train,img_00102_jpg.rf.6c3db923cf848c838697f395be209155.jpg,Not found,Not found
train,img_00103_jpg.rf.ca0851519bb49f38782aa4f5a3e89a63.jpg,Not found,Not found
train,img_00105_jpg.rf.8c4c61fc0e1af1ac6aa665eb8fc88dcf.jpg,Not found,Not found
train,img_00106_jpg.rf.f78b5af3514c591a12133f9f528ba7dd.jpg,Not found,Not found
train,img_00107_jpg.rf.52489426f5e6d25bd29231c0d7b69d46.jpg,Not found,Not found
train,img_00108_jpg.rf.d1c92725e955bddb23a817dc8818142f.jpg,2031-05-01,2031-05-01
train,img_00110_jpg.rf.6702d879bd70e537cf0426f98e9198a6.jpg,Not found,Not found
train,img_00111_jpg.rf.d5beec31a5c306a70d27784f55c7bc81.jpg,2026-12-01,2026-12-01
train,img_00112_jpg.rf.2a5d9acd8287498274f21719189c043e.jpg,Not found,Not found
train,img_00113_jpg.rf.ff26578977003e3edbf9b350e9ef281b.jpg,Not found,Not found
train,img_00118_jpg.rf.ebceeb4e5bc0b5484bce7b0aff4743c6.jpg,Not found,Not found
train,img_00119_jpg.rf.e6fea1e4c0a1e68a139ef9c8f9868e2d.jpg,Not found,Not found
train,img_00121_jpg.rf.39f194601f3229ecc9a2b9b2697904fe.jpg,Not found,Not found
train,img_00122_jpg.rf.2b81dd2abeff64bcf3ec8e978bbb0ac3.jpg,Not found,Not found
train,img_00123_jpg.rf.930c2625e19926ee892b1acd74faca26.jpg,Not found,Not found
train,img_00125_jpg.rf.62ccc35ac3722b685dc5d369ba8f436d.jpg,Not found,Not found
train,img_00127_jpg.rf.d94aec29c142735e4bbbb9dd31fece63.jpg,2622-03-01,2622-03-01
train,img_00128_jpg.rf.22dcc419fdc74a8615d046734280c4d7.jpg,2012-02-01,2012-02-01
train,img_00129_jpg.rf.5cb015711741b64b830195e80537bb2b.jpg,2012-09-01,2012-09-01
train,img_00131_jpg.rf.f8498740d5827a8e22efe917dff822ee.jpg,Not found,Not found
train,img_00132_jpg.rf.6937400bdec3dd0533e0340c4eece8cf.jpg,Not found,Not found
train,img_00133_jpg.rf.745b4c3dbc5ab2519f034767812d36cf.jpg,2020-10-01,2020-10-01
train,img_00134_jpg.rf.206c8e6504904f512098a6e3bd238a0e.jpg,Not found,Not found
train,img_00135_jpg.rf.97f002eb0268590457f28c744434849c.jpg,Not found,Not found
train,img_00136_jpg.rf.28d5b7c5cf09c121e25a475725b3a946.jpg,Not found,Not found
train,img_00137_jpg.rf.928c638a7574bd47d72368ea2d97ea8e.jpg,Not found,Not found
train,img_00139_jpg.rf.d701bf9ac67eeaa27c0bd77f8291341b.jpg,Not found,Not found
train,img_00140_jpg.rf.100b34230b3c048074fcbcdccc4e541a.jpg,Not found,Not found
train,img_00142_jpg.rf.072285cac9640f8b3fe6a258828f6464.jpg,Not found,Not found
train,img_00143_jpg.rf.75872a4196f1a574b18d58da1479777f.jpg,Not found,Not found
train,img_00146_jpg.rf.51df79e465aa5536b7a2bc5ad59a1dd5.jpg,Not found,Not found
train,img_00147_jpg.rf.7336ad85a5f8138db63d449c86bf4be8.jpg,Not found,Not found
train,img_00150_jpg.rf.3ee6a5f1984dc92da31658865a59f723.jpg,Not found,Not found
train,img_00151_jpg.rf.e34f00f295fec84e3ec087c8cd81e243.jpg,Not found,Not found
train,img_00152_jpg.rf.c17358414a6b0ee99c4ebddc02a5f756.jpg,Not found,Not found
train,img_00153_jpg.rf.77ee9fe7655a8c1e67c1080f0421df6d.jpg,Not found,Not found
train,img_00154_jpg.rf.e2e4a483b5f07109094ce797ce122021.jpg,Not found,Not found
train,img_00155_jpg.rf.5070c8c06cb09d472f23c641f19dd545.jpg,Not found,Not found
train,img_00156_jpg.rf.6ef15d45ab99fdaaf1f1ab6fd912d091.jpg,Not found,Not found
train,img_00157_jpg.rf.802a6a195e61db388a5aa8b69d78c3ff.jpg,Not found,Not found
train,img_00158_jpg.rf.b28fd1b59a08eef96115caa2828c3f10.jpg,Not found,Not found
train,img_00159_jpg.rf.ba3b27d6d04f0f4d2e63b691663ce284.jpg,Not found,Not found
train,img_00160_jpg.rf.7a9f2534b636677c5e10580fb1036260.jpg,Not found,Not found
train,img_00161_jpg.rf.452d429d3726243e618579abb79bd4ed.jpg,Not found,Not found
train,img_00162_jpg.rf.c9a132b804bbae7d1edae8773202e42c.jpg,Not found,Not found
train,img_00163_jpg.rf.d888c71bf2277740ad5ef60bdb87fc47.jpg,2045-04-01,2045-04-01
train,img_00165_jpg.rf.dc38350d154e79b4aef8514d8e7ab683.jpg,Not found,Not found
train,img_00166_jpg.rf.bfa59a34e282a785677a5a69c428c2b9.jpg,Not found,Not found
train,img_00168_jpg.rf.35b001ccdbf3d27cad26d3cd5860482c.jpg,Not found,Not found
train,img_00169_jpg.rf.68d0f59ece7b3739f478fd3374af0025.jpg,Not found,Not found
train,img_00170_jpg.rf.a73abb9e813a1ae19c5e8f40d7084d38.jpg,Not found,Not found
train,img_00171_jpg.rf.21144aedf653b2fe889733487187e09c.jpg,Not found,Not found
train,img_00172_jpg.rf.5f02c494c159307ef8f41c51ea9f1129.jpg,Not found,Not found
train,img_00173_jpg.rf.0723896b8e5e849a3ac787eb9ca57f5a.jpg,Not found,Not found
train,img_00174_jpg.rf.8779b3385757c59defc40164d1f0e329.jpg,Not found,Not found
train,img_00176_jpg.rf.c09b581224b5dc05cf5089e655518a49.jpg,Not found,Not found
train,img_00177_jpg.rf.fe0c36acd1eca93c93f6bf65eb18e621.jpg,2014-04-18,2014-04-18
train,img_00178_jpg.rf.7dfd67e1cb47150bcb52bd7805c29d32.jpg,Not found,Not found
train,img_00180_jpg.rf.f3c52ee250d9bcbe269b1d98214e8d44.jpg,Not found,Not found
train,img_00183_jpg.rf.0ca72071678e049135f60051fbe8358c.jpg,Not found,Not found
train,img_00184_jpg.rf.25ea7cc671ca00a1e535af16fd321b50.jpg,Not found,Not found
train,img_00185_jpg.rf.afbd14a8a97b7de2993ee7a5c0a6eb8d.jpg,Not found,Not found
train,img_00187_jpg.rf.d14eb2ed8f8cae1f5380d155bd8f8b66.jpg,Not found,Not found
train,img_00188_jpg.rf.693c148b8da2bb1cfabd772087d2dcd1.jpg,Not found,Not found
train,img_00190_jpg.rf.bb44600bcc132b4ac96d70985b5190a3.jpg,Not found,Not found
train,img_00194_jpg.rf.9afb732245b99a0fa9ec9e95e5b7a607.jpg,Not found,Not found
train,img_00196_jpg.rf.a54dd3bef16322f734437536711ad69d.jpg,2026-09-01,2026-09-01
train,img_00197_jpg.rf.d87fc01fd9cdb3d26f70abbfab14f2ec.jpg,Not found,Not found
train,img_00198_jpg.rf.fe810951c8dc871cc809a1e06710662f.jpg,Not found,Not found
train,img_00199_jpg.rf.a93f11c24f8100ac7e994200b649f29e.jpg,Not found,Not found
train,img_00202_jpg.rf.9511e456f8b13d7269ebb772a07d65b3.jpg,2025-07-28,2025-07-28
train,img_00203_jpg.rf.ddc5ef7ff12535c42a8b8da37b532b0a.jpg,Not found,Not found
train,img_00204_jpg.rf.e112b37fbbaf3e96f272c54784fb70c1.jpg,Not found,Not found
train,img_00205_jpg.rf.bf4e8bdb75ab8b2f44fe5dc0f78e003e.jpg,Not found,Not found
train,img_00206_jpg.rf.5d38d8d66f26bf407ccd980c837e4c27.jpg,Not found,Not found
train,img_00207_jpg.rf.ff05c69d27fb4fa84c74c67169040024.jpg,Not found,Not found
train,img_00209_jpg.rf.519436ad966a877eefb70b43b78a576f.jpg,Not found,Not found
train,img_00210_jpg.rf.6dcdb8ee1fc1adf72dcf24bd23e80e0e.jpg,Not found,Not found
train,img_00211_jpg.rf.81e44ec252fadaf20625765587793ea7.jpg,Not found,Not found
train,img_00213_jpg.rf.d189c272f7f66cdb028be7e8eb90d818.jpg,Not found,Not found
train,img_00214_jpg.rf.eb236bab6f231c485673dc71e2ab511b.jpg,Not found,Not found
train,img_00215_jpg.rf.6988ce0815e9395abe53dce4298335e1.jpg,Not found,Not found
train,img_00216_jpg.rf.abbcd0f814b3c20c4bd0233f2fe0bc60.jpg,Not found,Not found
train,img_00217_jpg.rf.60c8e2a0424c5f928fc2897651c0ed9d.jpg,Not found,Not found
train,img_00218_jpg.rf.d5efd469c5a8148b920d4613f10034d5.jpg,Not found,Not found
train,img_00219_jpg.rf.352079518ee77e7603be0eee20979a23.jpg,Not found,Not found
train,img_00220_jpg.rf.7064adfca1c1539c888257a9763b570d.jpg,Not found,Not found
train,img_00221_jpg.rf.14550801e6f5c148f0ae67ce9a1f97d8.jpg,Not found,Not found
train,img_00223_jpg.rf.c9a6aece50cc8b4c0541b46f95ba5256.jpg,2022-01-01,2022-01-01
train,img_00224_jpg.rf.89eecc2ad30685bbb057ee02d5a256da.jpg,Not found,Not found
train,img_00225_jpg.rf.a77d915b97be66409079eafbdeef1028.jpg,Not found,Not found
train,img_00226_jpg.rf.a3812df55b916051c8667322b875c3ec.jpg,Not found,Not found
train,img_00228_jpg.rf.c448631f79ecbfb6338bcc5952614d2c.jpg,Not found,Not found
train,img_00229_jpg.rf.ea1cf4ba7b2c1acf62af40004b69a958.jpg,Not found,Not found
train,img_00231_jpg.rf.c6e483c28aeb2a624a78f06acb955e80.jpg,Not found,Not found
train,img_00236_jpg.rf.ae364319fb8076c03729bdfe54f45d75.jpg,Not found,Not found
train,img_00237_jpg.rf.535a04e0518ae1568481cd3aa85d7764.jpg,Not found,Not found
train,img_00238_jpg.rf.412a8a2acb252fb52f691b02b9f1f1be.jpg,2021-04-01,2021-04-01
train,img_00240_jpg.rf.6277e555b632daf6938902243ef8d4e3.jpg,Not found,Not found
train,img_00241_jpg.rf.aa137914526f1296151db1103adccb54.jpg,2015-01-02,2015-01-02
train,img_00244_jpg.rf.098e181c9db14dec39dfd9d84fb398e1.jpg,Not found,Not found
train,img_00245_jpg.rf.18f622436488ef933ad210792e2c10d2.jpg,Not found,Not found
train,img_00246_jpg.rf.5ce53c1d171d51ecb859e3a762c7a034.jpg,Not found,Not found
train,img_00247_jpg.rf.fa18993d0232cf73b8931ce47abc9781.jpg,Not found,Not found
train,img_00249_jpg.rf.9e7b7112c9509ba60915adb663609936.jpg,Not found,Not found
train,img_00252_jpg.rf.3dc30a51608ab3368e0ede67b49944cf.jpg,Not found,Not found
train,img_00253_jpg.rf.5369f009ad03691b599a8c619842fa72.jpg,Not found,Not found
train,img_00255_jpg.rf.b9a34751f14708728818407c54f76b9a.jpg,Not found,Not found
train,img_00256_jpg.rf.0ca6ab0201f1794ab35f45669c56e03a.jpg,Not found,Not found
train,img_00258_jpg.rf.c062bfb6396c687907957a27031062fc.jpg,Not found,Not found
train,img_00259_jpg.rf.c769a43eb097c6526c504fbf0e227c11.jpg,Not found,Not found
train,img_00260_jpg.rf.76817c813aedca48f22a8c2771a66199.jpg,Not found,Not found
train,img_00261_jpg.rf.34cf9402cc99bcbe7dbb33d4f22144f0.jpg,Not found,Not found
train,img_00262_jpg.rf.b304e4c88117d1fb39ccf8b8e182295b.jpg,Not found,Not found
train,img_00263_jpg.rf.8ec45e44021d5b5ba7d5ada7611aaf64.jpg,Not found,Not found
train,img_00265_jpg.rf.4fbacefb1869cbca9ebafe19393753b2.jpg,Not found,Not found
train,img_00266_jpg.rf.d5de3b58ed4c992d125b5b2916a090ae.jpg,Not found,Not found
train,img_00267_jpg.rf.313ddb53b674aebb8b093cfeb71caac6.jpg,Not found,Not found
train,img_00268_jpg.rf.404c76e073d34d367cde5ea865b66362.jpg,Not found,Not found
train,img_00269_jpg.rf.7224f2e60aa807a71e0680d4b33189b5.jpg,Not found,Not found
train,img_00270_jpg.rf.58d8d39872b6fcdf8e2268d730a16f09.jpg,Not found,Not found
train,img_00271_jpg.rf.a7990c1a0265e70b00af8bb5ef1fd64b.jpg,Not found,Not found
train,img_00272_jpg.rf.ee16b897647848225f976d09beb9b1fc.jpg,Not found,Not found
train,img_00273_jpg.rf.3cd1a8eff149564131cd8a118e5d12e4.jpg,Not found,Not found
train,img_00275_jpg.rf.ec306b943377b6c831358a3ce89ed9e6.jpg,Not found,Not found
train,img_00276_jpg.rf.6ae57e1a41e14cb9364d6abd8b731f07.jpg,Not found,Not found
train,img_00279_jpg.rf.c11e0851f42975bbf108aa6d5a3f8efd.jpg,Not found,Not found
train,img_00280_jpg.rf.76d6f6c3c6dd3ea97c89c99a63c7cb13.jpg,Not found,Not found
train,img_00281_jpg.rf.be6b0c0560c1689d38be0e552af1f4ed.jpg,Not found,Not found
train,img_00282_jpg.rf.c0916128705a8ff18ef3fc9a285043b2.jpg,Not found,Not found
train,img_00283_jpg.rf.d90949940cca1d4a3c8d99a04af2d0b3.jpg,Not found,Not found
train,img_00284_jpg.rf.a108aefe9585612440313fa61a5400e0.jpg,Not found,Not found
train,img_00286_jpg.rf.36561cacc3c4b77f1399b8f846e8351a.jpg,Not found,Not found
train,img_00289_jpg.rf.ac999f599a7f58540bf897bc0c7f9a6e.jpg,Not found,Not found
train,img_00290_jpg.rf.407b69770ff63e6da60dbf05a8ea2d88.jpg,2023-11-01,2023-11-01
train,img_00291_jpg.rf.9f996939669f552c7f3bc06c48664da0.jpg,2020-08-23,2020-08-23
train,img_00292_jpg.rf.5a50ea1defb271f942f845a6b02a06dd.jpg,Not found,Not found
train,img_00293_jpg.rf.b934a33b416b98d81ff8aebb9c9c9924.jpg,Not found,Not found
train,img_00294_jpg.rf.9c3b215355e27cab2c3eca31c5f2628c.jpg,Not found,Not found
train,img_00295_jpg.rf.0746e5a8c3fa4f718dabb68f6b0b6c51.jpg,Not found,Not found
train,img_00297_jpg.rf.c77e3dc976964cc4dd4a98e11f9c5a06.jpg,Not found,Not found
train,img_00298_jpg.rf.228408c7ff77af8fa18c0353ba03aef7.jpg,Not found,Not found
train,img_00299_jpg.rf.dac4bc231bf509ed741cd9ebd8ee04b9.jpg,2015-05-01,2015-05-01
train,img_00301_jpg.rf.b559691f9a38eb0b5b8eb3f96c8bd178.jpg,Not found,Not found
train,img_00302_jpg.rf.ef1a1bf46e5886243a885e2a3d0a804f.jpg,Not found,Not found
train,img_00303_jpg.rf.5c28ff359621aaf1de08dd9622e27420.jpg,Not found,Not found
train,img_00306_jpg.rf.84e52f57f0472ead2d02f3697d4a119c.jpg,Not found,Not found
train,img_00307_jpg.rf.7a65e2cf534fdf547f05eaa3694c7720.jpg,Not found,Not found
train,img_00308_jpg.rf.08fce7404742fdaa9958300ed8bd3fbb.jpg,Not found,Not found
train,img_00309_jpg.rf.6cdc158ce9573c98da1db73829de184c.jpg,Not found,Not found
train,img_00310_jpg.rf.272388ef1846ec482fb67ddf4f376b4b.jpg,Not found,Not found
train,img_00313_jpg.rf.77d2eb4c0fd4ad7acfcdc54c3d74698e.jpg,Not found,Not found
train,img_00314_jpg.rf.d454d9778e940f4b7fd2b95071b406f9.jpg,Not found,Not found
train,img_00315_jpg.rf.bfc4ea57b6b22da3d5ff345c902d6b0a.jpg,Not found,Not found
train,img_00316_jpg.rf.21109cd6b5a5bd395a70d921d0fa63e7.jpg,2013-05-29,2013-05-29
train,img_00317_jpg.rf.e55bddff1501afb873067615721e713d.jpg,Not found,Not found
train,img_00318_jpg.rf.3b0c3b7c3690220b2243734260b40011.jpg,Not found,Not found
train,img_00319_jpg.rf.900aebb7007807ab0da5ad415fca2758.jpg,Not found,Not found
train,img_00321_jpg.rf.f7586a884334844b5c71784a3483918e.jpg,Not found,Not found
train,img_00323_jpg.rf.78d3b39e4fb7e4e3fbc2defc37db6493.jpg,Not found,Not found
train,img_00324_jpg.rf.9a9c49207342ad47c4f1edcfc25abddb.jpg,Not found,Not found
train,img_00325_jpg.rf.63e3b98f22e5eedb43d2b675cc3a57b2.jpg,Not found,Not found
train,img_00326_jpg.rf.01fa78552abc64bd1f74d97c0e4e85c0.jpg,Not found,Not found
train,img_00327_jpg.rf.728db179afd2f983cf6e873e7aecda44.jpg,Not found,Not found
train,img_00328_jpg.rf.cc5207262176625b15e4f58bcfa83374.jpg,Not found,Not found
train,img_00329_jpg.rf.538956374db66abe2e567ec89c124263.jpg,Not found,Not found
train,img_00330_jpg.rf.c04c0ca6750d344cbbe7cb1bee4af5ba.jpg,Not found,Not found
train,img_00331_jpg.rf.1eed516f24d37e7afeb4144260d05c42.jpg,Not found,Not found
train,img_00332_jpg.rf.42192c08959dcf82688e405dcd9dd2ca.jpg,Not found,Not found
train,img_00335_jpg.rf.580ff3fa507b1930517d1596ab95993b.jpg,Not found,Not found
train,img_00339_jpg.rf.e75fd49063450386fc2c68f0d4f67321.jpg,Not found,Not found
train,img_00340_jpg.rf.61834090207ead6dd73d7463ddc0640a.jpg,2513-09-01,2513-09-01
train,img_00342_jpg.rf.880f8f182543b7f6b38fb6dbd382bed1.jpg,Not found,Not found
train,img_00345_jpg.rf.657ceedb85de1298b482b87eafc90b6d.jpg,Not found,Not found
train,img_00346_jpg.rf.bac82245607a0386ab43854043e8eac5.jpg,Not found,Not found
train,img_00347_jpg.rf.03f9d1e89ed2b2bda1995eb215306b77.jpg,Not found,Not found
train,img_00348_jpg.rf.10b66d364a91b4fc5306d41662f05403.jpg,Not found,Not found
train,img_00349_jpg.rf.18ee3fff84da7db84800dd89e1fcbac2.jpg,Not found,Not found
train,img_00350_jpg.rf.be680c9abc29f4262eda82f71afb79a3.jpg,Not found,Not found
train,img_00352_jpg.rf.a0c0ebe28c7b62677874d4b1c02db37d.jpg,Not found,Not found
train,img_00353_jpg.rf.0f5c4bc90dfdf1403ecdebd6bebbaaee.jpg,Not found,Not found
train,img_00354_jpg.rf.a97147be6ee51397da3bc721f2576584.jpg,Not found,Not found
train,img_00355_jpg.rf.13107561a24068205cd80122f30ae653.jpg,Not found,Not found
train,img_00356_jpg.rf.744f3831e856a4aa9858b3cc5f4c6234.jpg,2022-04-01,2022-04-01
train,img_00357_jpg.rf.319817b6ea2c15fb0e961eb31b694a67.jpg,Not found,Not found
train,img_00360_jpg.rf.ed285db63b8ada95b519d36e3c0b2511.jpg,Not found,Not found
train,img_00361_jpg.rf.b42b9e4aeb32b97e504313df649b3eb0.jpg,Not found,Not found
train,img_00362_jpg.rf.4800935eb989bcd736ed787f262fea13.jpg,Not found,Not found
train,img_00363_jpg.rf.72444f139e7556d7e29bbd25265d8f99.jpg,Not found,Not found
train,img_00364_jpg.rf.5d29db9eafafd4217bb306b6037f0283.jpg,Not found,Not found
train,img_00366_jpg.rf.2d819f445fd34e6922298394f29624d4.jpg,Not found,Not found
train,img_00367_jpg.rf.cf41eafbf90442af2bf1057c8ef7e3b4.jpg,Not found,Not found
train,img_00369_jpg.rf.533582606cbd70bb758cd63df34a5f8a.jpg,Not found,Not found
train,img_00370_jpg.rf.cb18ba72db44b2bd7a519548cd6948d1.jpg,Not found,Not found
train,img_00371_jpg.rf.3fad1b8d9ae0940bd9f128731be93730.jpg,Not found,Not found
train,img_00372_jpg.rf.3c11570c1fedf94c368ff0b104217506.jpg,Not found,Not found
train,img_00374_jpg.rf.76f32116a74aa68f7b0fd3eac716d4c6.jpg,2011-10-01,2011-10-01
train,img_00375_jpg.rf.784c5faedff500d62e6ba58a30663737.jpg,Not found,Not found
train,img_00379_jpg.rf.51eff5f4c721ca9badb033d6ecc3d542.jpg,Not found,Not found
train,img_00381_jpg.rf.b49dd10d607265c22dc803400b320515.jpg,Not found,Not found
train,img_00382_jpg.rf.97182b3db821259c06351ddc0ca51cb6.jpg,Not found,Not found
train,img_00387_jpg.rf.aa9b88a5eac603163f963da441090af7.jpg,Not found,Not found
train,img_00388_jpg.rf.33d2707e2e06ffee0671abe3486c744c.jpg,Not found,Not found
train,img_00389_jpg.rf.917fb30253579c544c19cbbf486b4a5e.jpg,Not found,Not found
train,img_00391_jpg.rf.38f69e93b4871b9d7bc21238e3331bda.jpg,Not found,Not found
train,img_00392_jpg.rf.5e5f2941ec9aa4c1df519c63de691ff3.jpg,Not found,Not found
train,img_00393_jpg.rf.291ae3639c2c9145a0512f981b927d79.jpg,Not found,Not found
train,img_00394_jpg.rf.15cc85ad4a0e42e27d9cfeca01bcd703.jpg,Not found,Not found
train,img_00395_jpg.rf.e5bbf213bba431cff1f270009babf8d7.jpg,Not found,Not found
train,img_00397_jpg.rf.c7c83330dabb3fe5f1c00563946943a6.jpg,Not found,Not found
train,img_00398_jpg.rf.1b27371c9bd48cd5a8bba1ddb9731d13.jpg,Not found,Not found
train,img_00399_jpg.rf.0d54aac3ec253947df58d91e89c05542.jpg,Not found,Not found
train,img_00400_jpg.rf.072e92ecf292b2037aa808ed4487abfa.jpg,Not found,Not found
train,img_00401_jpg.rf.46d0dddf282556ac221392d974e9f127.jpg,Not found,Not found
train,img_00402_jpg.rf.d35f4991373078c507d947767a34f2a5.jpg,2029-11-01,2029-11-01
train,img_00403_jpg.rf.ecbbc6181b6d86e52c909053a35543c0.jpg,Not found,Not found
train,img_00405_jpg.rf.eb8497ccbf4e91bee465aaff666d2139.jpg,Not found,Not found
train,img_00406_jpg.rf.9397183d3bca0a470aab4ea16f9a3d0f.jpg,Not found,Not found
train,img_00407_jpg.rf.53981f7b23492dce4d201c0462a4e3fc.jpg,Not found,Not found
train,img_00409_jpg.rf.7bc4d3d86cc4e1b88f77f36a6810bb5c.jpg,Not found,Not found
train,img_00411_jpg.rf.2674a8bdfbf2debd0f2d598023ea2623.jpg,Not found,Not found
train,img_00412_jpg.rf.44741daa7c87eb64eb585883d7accea3.jpg,Not found,Not found
train,img_00413_jpg.rf.c70f5f890677f30ebd088bf7743189cf.jpg,Not found,Not found
train,img_00414_jpg.rf.82fb1697942061ab366f248256a8780b.jpg,Not found,Not found
train,img_00415_jpg.rf.f664084371284f5ca783e731273493e3.jpg,Not found,Not found
train,img_00417_jpg.rf.a59b0325178aa94d406170bf134e86ec.jpg,Not found,Not found
train,img_00418_jpg.rf.bc8771d8dae45a25b86e7f98300c0b8d.jpg,Not found,Not found
train,img_00419_jpg.rf.1bc8c5aa3b9441741ae98b14f7fc9ad8.jpg,Not found,Not found
train,img_00420_jpg.rf.5cb3271e0b2cb8e50ac11aab5d9d3319.jpg,Not found,Not found
train,img_00421_jpg.rf.07eb43ab3839965f791846dc610e98df.jpg,Not found,Not found
train,img_00422_jpg.rf.3356e2230a617571e31b18679e5ac055.jpg,Not found,Not found
train,img_00423_jpg.rf.3049231306bea01480d93c3a85b2e60f.jpg,Not found,Not found
train,img_00424_jpg.rf.abc745c4e892fc972d91e19d12ed7913.jpg,Not found,Not found
train,img_00425_jpg.rf.dd2fd02eeaa1ca3ba155ff09bd1f0298.jpg,Not found,Not found
train,img_00427_jpg.rf.859b13a8867c8ec8bb10206e5ae412c2.jpg,Not found,Not found
train,img_00428_jpg.rf.8ba2d5442b21fa6b08b227c538e381fe.jpg,Not found,Not found
train,img_00430_jpg.rf.8eb8e51817a3e6a802d254fb737f6370.jpg,Not found,Not found
train,img_00432_jpg.rf.92b9a1d66630ce079b944b6f10dbd693.jpg,Not found,Not found
train,img_00433_jpg.rf.8c052d544170cf6d92cc9e3ed69069fd.jpg,Not found,Not found
train,img_00435_jpg.rf.6de8d1e2e0c4dc67285113b601cba9f2.jpg,Not found,Not found
train,img_00436_jpg.rf.5df61d193d1c928e003c743a5bc874ee.jpg,Not found,Not found
train,img_00437_jpg.rf.1b4eb7941aae8a8a8e86388f04f0b298.jpg,Not found,Not found
train,img_00438_jpg.rf.882aeaf32721602c5ec5280c6d8d05e8.jpg,Not found,Not found
train,img_00439_jpg.rf.31291fe4d350033b9d6314001f0d5e81.jpg,Not found,Not found
train,img_00440_jpg.rf.4e44248f4ea6836e8de1124907114464.jpg,Not found,Not found
train,img_00443_jpg.rf.36deb790c32e61c22f3f759d7269c6d1.jpg,Not found,Not found
train,img_00444_jpg.rf.0fd7b87a819d0ff92f3053ac813bec04.jpg,Not found,Not found
train,img_00445_jpg.rf.3ebe556a3b61c98da34d1e07b126a483.jpg,Not found,Not found
train,img_00448_jpg.rf.37279c327ac102aefa04834c8de7b751.jpg,Not found,Not found
train,img_00449_jpg.rf.23c838e7d5b702a76bfd9bf3a0637ad8.jpg,Not found,Not found
train,img_00450_jpg.rf.9de7b7990ec3c6c3f0bed554b7ecaad7.jpg,Not found,Not found
train,img_00451_jpg.rf.9598d66b4ef3273bcb1be9367454c68a.jpg,Not found,Not found
train,img_00452_jpg.rf.4b0e4b6cf70cc470f17d352c340ae8b9.jpg,2012-10-01,2012-10-01
train,img_00453_jpg.rf.d345170cc116cd9542264125f8dcbd43.jpg,Not found,Not found
train,img_00455_jpg.rf.ff8658de776c4b2de79e33a4501b87d7.jpg,Not found,Not found
train,img_00459_jpg.rf.6b286cf49b1de18038979446a557f7c3.jpg,Not found,Not found
train,img_00460_jpg.rf.21300a1b5cca92fc89b7c6669ad1385d.jpg,Not found,Not found
train,img_00461_jpg.rf.a63f81c4bc68bcca802ddaa0634eb4e9.jpg,Not found,Not found
train,img_00467_jpg.rf.fb7572eed8ddcf685db34e1dd70ce540.jpg,Not found,Not found
train,img_00468_jpg.rf.f42f2855d76608a26aac1aea871cd780.jpg,Not found,Not found
train,img_00470_jpg.rf.ecde317fc180156ee0817cd58026d65b.jpg,Not found,Not found
train,img_00471_jpg.rf.1b7520a2734c0b8491f17944e137ef98.jpg,Not found,Not found
train,img_00472_jpg.rf.d81dc67ecd8295295b2cfc43efdcde9a.jpg,Not found,Not found
train,img_00473_jpg.rf.af3dc503180a3964c0ddcc77bd8d4fad.jpg,Not found,Not found
train,img_00474_jpg.rf.76d09254d0bedaf22742ad826927e952.jpg,Not found,Not found
train,img_00475_jpg.rf.c7cabd1b6483cbb34be8b29508d7392e.jpg,Not found,Not found
train,img_00477_jpg.rf.d77d5a0a9f4dbc51648412d6d64d15c0.jpg,Not found,Not found
train,img_00481_jpg.rf.18d5b25bab9c87e75c0deed1192d0c49.jpg,Not found,Not found
train,img_00483_jpg.rf.59f0fc2f10acd335ce6193b604685669.jpg,Not found,Not found
train,img_00484_jpg.rf.f28040964909520c72943b4419a2fdc2.jpg,Not found,Not found
train,img_00489_jpg.rf.5ba14810f033e7fb9b10aff539941a34.jpg,Not found,Not found
train,img_00490_jpg.rf.934e8e0bc956c320e09a4c3bea9f2c9c.jpg,Not found,Not found
train,img_00491_jpg.rf.94e795b8962b2451114effa1dbb38b4d.jpg,Not found,Not found
train,img_00493_jpg.rf.7be5c18fecd2880c30e52e31a2619dfe.jpg,Not found,Not found
train,img_00494_jpg.rf.af7df1625cdf4485fbf72422ddc282ea.jpg,2018-01-07,2018-01-07
train,img_00496_jpg.rf.67f13161ca3e0df475c7cbe846a06fd1.jpg,Not found,Not found
train,img_00497_jpg.rf.d2b68e5b9a5ee9b1787ebdcddf9775c5.jpg,Not found,Not found
train,img_00498_jpg.rf.542385af3d7ca6ea9f515debc49bcae1.jpg,Not found,Not found
train,img_00499_jpg.rf.cdff3b1c9b4fbbf9aa6d35c25445b54c.jpg,Not found,Not found
train,img_00500_jpg.rf.56cacbfd99288b26c884291f309f47aa.jpg,Not found,Not found
train,img_00501_jpg.rf.0850ca7e95110cda2171a1e415c472da.jpg,Not found,Not found
train,img_00502_jpg.rf.3b0efcae7a5616a88f645b1730b8d865.jpg,Not found,Not found
train,img_00503_jpg.rf.501fb7084d7030a264bec5eca2554f64.jpg,Not found,Not found
train,img_00504_jpg.rf.2a679431cfc02d1a9283c1b92cbfbd59.jpg,Not found,Not found
train,img_00505_jpg.rf.0abdc18ccf9eb1a4b2d1bfdc1b1debe4.jpg,Not found,Not found
train,img_00506_jpg.rf.73687c59105d347b377166237e16b13c.jpg,Not found,Not found
train,img_00507_jpg.rf.5ddadac1bbc3ec67f14cc1685cc30165.jpg,2099-01-01,2099-01-01
train,img_00508_jpg.rf.c136fd5473eca3e39a7895c7e28f5581.jpg,Not found,Not found
train,img_00509_jpg.rf.58fe8c1471f2eba2d5438d49d28eee1a.jpg,Not found,Not found
train,img_00510_jpg.rf.c77104a663f339acf5c1a448da95aa98.jpg,Not found,Not found
train,img_00511_jpg.rf.d32e2b84072d9c3ca220c83519527561.jpg,Not found,Not found
train,img_00512_jpg.rf.915c5210bd92f6d1e199ead5427fcb94.jpg,Not found,Not found
train,img_00515_jpg.rf.7842ca9c99b920f9c4390fffcb63bd54.jpg,Not found,Not found
train,img_00517_jpg.rf.f6980c6ae609cb597e73096b1401400e.jpg,Not found,Not found
train,img_00519_jpg.rf.7c69ebf06e239d12e1aa4913cacb05f0.jpg,Not found,Not found
train,img_00520_jpg.rf.37c9de34e7361f1e26c55412c91d8d3a.jpg,Not found,Not found
train,img_00521_jpg.rf.135701c003fed4a85b0cd3cafe902965.jpg,Not found,Not found
train,img_00524_jpg.rf.fd55e8b70aefa691a7855afb7560c837.jpg,Not found,Not found
train,img_00526_jpg.rf.12029fba45503e81744e34a185578680.jpg,Not found,Not found
train,img_00527_jpg.rf.3173e404a985275228383bdcea8e2835.jpg,Not found,Not found
train,img_00528_jpg.rf.3eb572b38ff86d7eeeb173b075ccc9bd.jpg,Not found,Not found
train,img_00529_jpg.rf.eba6170767177ea837f836cbbaf8f495.jpg,Not found,Not found
train,img_00530_jpg.rf.3d8df44e908713b5919ac44159339b63.jpg,Not found,Not found
train,img_00531_jpg.rf.661d7b5a773246196544af4e81032fcf.jpg,Not found,Not found
train,img_00535_jpg.rf.6557b8395a1b04b70509f9c50342d87a.jpg,Not found,Not found
train,img_00537_jpg.rf.b49b773d767929e9ad315a79465d88ac.jpg,Not found,Not found
train,img_00538_jpg.rf.d813ca2ddad094d194899c3b98856d9c.jpg,Not found,Not found
train,img_00540_jpg.rf.58349c6f3be3b3dd88a5e33faf957e1b.jpg,Not found,Not found
train,img_00541_jpg.rf.c01cfdc6f9c1593faf0543c3e346a75c.jpg,Not found,Not found
train,img_00542_jpg.rf.72c0c49baa45c7e3a359223c1f1746b9.jpg,Not found,Not found
train,img_00543_jpg.rf.52e147472764e10b345a198851322711.jpg,Not found,Not found
train,img_00545_jpg.rf.d46377fe4cfad86a0a176605fcf65f63.jpg,Not found,Not found
train,img_00546_jpg.rf.317ee4034ea1c3abb68c0ea12d4a92d6.jpg,Not found,Not found
train,img_00548_jpg.rf.d1e54a139b514107cc019fb58889cf73.jpg,Not found,Not found
train,img_00550_jpg.rf.bef3b7863b9299b46df895ac62ce66a6.jpg,Not found,Not found
train,img_00552_jpg.rf.db0f6b66ac15751badc6039960402950.jpg,Not found,Not found
train,img_00556_jpg.rf.ad2fd6c082f360ae26831e2be53aca1a.jpg,Not found,Not found
train,img_00559_jpg.rf.444bd011d545db96a5c0d40d18a2cb4a.jpg,Not found,Not found
train,img_00563_jpg.rf.969693a140bf193940b1eb7607baaccd.jpg,Not found,Not found
train,img_00565_jpg.rf.1c8f54cf4139aade96a775459a254c4a.jpg,Not found,Not found
train,img_00566_jpg.rf.491b76d4b14ecb343ceb6c66425db564.jpg,Not found,Not found
train,img_00567_jpg.rf.cba457b52a628969dcc63c740de27ac0.jpg,Not found,Not found
train,img_00569_jpg.rf.74dfb3d14242c70d7a5b61eba7603a2a.jpg,2017-11-01,2017-11-01
train,img_00570_jpg.rf.65770ac39131cab783d246e980c44392.jpg,Not found,Not found
train,img_00571_jpg.rf.2a51273d93c392c113d771778e7ed5bf.jpg,Not found,Not found
train,img_00572_jpg.rf.77c37440b34deb4e5ada097ea0a04efb.jpg,Not found,Not found
train,img_00573_jpg.rf.2e6c8d60ddfff8420ff6b6fa94548ef1.jpg,2020-10-01,2020-10-01
train,img_00575_jpg.rf.cfd280a7f17289217b35c0e18bcd2239.jpg,Not found,Not found
train,img_00576_jpg.rf.c06f27c2eb84dfa9d0cfe8f47bb44d18.jpg,Not found,Not found
train,img_00579_jpg.rf.14c5964298c7f597e4602a06a2d26c8d.jpg,Not found,Not found
train,img_00580_jpg.rf.fec380e55253166d683240d099883e59.jpg,Not found,Not found
train,img_00582_jpg.rf.bd442849645840a5ec17fb8147ca68b4.jpg,Not found,Not found
train,img_00583_jpg.rf.cd8b4f6f12e2419127891d20fb01aca7.jpg,2014-08-04,2014-08-04
train,img_00586_jpg.rf.99c5a3e642605e963039a0b2871abd80.jpg,Not found,Not found
train,img_00587_jpg.rf.3ffc5bdf88f7f80f36fb469bfae79ee8.jpg,Not found,Not found
train,img_00588_jpg.rf.314511799811f44edd32b5f51ab46e27.jpg,2025-02-19,2025-02-19
train,img_00590_jpg.rf.e78e2a330379eb5e0cdb51d8e6614e19.jpg,2028-04-01,2028-04-01
train,img_00593_jpg.rf.9de4c6906880618f2c530521ece2bd76.jpg,Not found,Not found
train,img_00595_jpg.rf.fd472d7f9eff73c65bf6f060fd57ccee.jpg,Not found,Not found
train,img_00597_jpg.rf.e6fd7e8dca3fa58a7a04442895293b30.jpg,Not found,Not found
train,img_00598_jpg.rf.5897ebbd8e09a0904e3c05e8c302f827.jpg,Not found,Not found
train,img_00600_jpg.rf.a44899b785182ba0562f1257ec451d04.jpg,Not found,Not found
train,img_00601_jpg.rf.7de8856fb78b9b30415cd523074dbf00.jpg,Not found,Not found
train,img_00603_jpg.rf.51ea95d33610330c9efa285fe14cb903.jpg,Not found,Not found
train,img_00605_jpg.rf.73e8adaf25da3cdf008b6a50d695b6dc.jpg,Not found,Not found
train,img_00606_jpg.rf.79b27d0e61cba295b8ed9c3445914b9c.jpg,Not found,Not found
train,img_00608_jpg.rf.73ed1f0cbd76de201cae64e4589010bb.jpg,Not found,Not found
train,img_00610_jpg.rf.9769ca5190f60c79ab0f6bc4d1ffbe5c.jpg,Not found,Not found
train,img_00611_jpg.rf.2f59982c90047cd95283aaf57d207e4a.jpg,Not found,Not found
train,img_00612_jpg.rf.aa256bcbcd6cda0885dc46c1d165590f.jpg,Not found,Not found
train,img_00613_jpg.rf.e49b84943bfec60ad808038a9f92fedf.jpg,Not found,Not found
train,img_00614_jpg.rf.2d42a7eb648ed2db0afd849039315c02.jpg,Not found,Not found
train,img_00615_jpg.rf.f7549dbe14dc9f3b403429a3369ff26b.jpg,Not found,Not found
train,img_00616_jpg.rf.1f0e58620029ec48c7f4e4ee9a9533b1.jpg,2016-10-18,2016-10-18
train,img_00617_jpg.rf.53e80720de00ce7db17861b97c421475.jpg,Not found,Not found
train,img_00618_jpg.rf.297021bf50d04f7ba4e44a4748394557.jpg,Not found,Not found
train,img_00619_jpg.rf.a213d7ebd810e5ba7dbdddf759701750.jpg,2022-03-01,2022-03-01
train,img_00620_jpg.rf.2e18c15f406e1f0e1053bab1906c24d5.jpg,Not found,Not found
train,img_00621_jpg.rf.506e06709d951006e09b1d8058b2b65a.jpg,Not found,Not found
train,img_00624_jpg.rf.e9dc8ccd7f06c03bef1e2b611919815d.jpg,Not found,Not found
train,img_00625_jpg.rf.dd648ee6005bf4fc704fab1b8f704dc6.jpg,Not found,Not found
train,img_00626_jpg.rf.e4477f9f4c67bbc62044a82eed4007d0.jpg,Not found,Not found
train,img_00627_jpg.rf.3da858ca29746931bba65af560fce631.jpg,Not found,Not found
train,img_00628_jpg.rf.29e0957bcd34308b16a7cb3a03a62658.jpg,Not found,Not found
train,img_00629_jpg.rf.2cc27c0df75bfc6093e1163298a65cdb.jpg,Not found,Not found
train,img_00630_jpg.rf.2aa447809ca64ea0ee4b85069da76f0e.jpg,Not found,Not found
train,img_00631_jpg.rf.585c19f125b31427670ec99858cc0f85.jpg,Not found,Not found
train,img_00632_jpg.rf.3023f7ea8e931aca8663bd3e49d6ca3b.jpg,Not found,Not found
train,img_00633_jpg.rf.dfa1af5bd45043e7318869ccc70e7590.jpg,Not found,Not found
train,img_00634_jpg.rf.98a2e3306235da66ecbb0f3672d533d9.jpg,Not found,Not found
train,img_00635_jpg.rf.a1a31d04218d8f5fc5a5b7a7c87a8880.jpg,Not found,Not found
train,img_00637_jpg.rf.1c451b89b90c72260d910fd5fa19ca01.jpg,Not found,Not found
train,img_00638_jpg.rf.970dd92faf71e5ec6fd308123cb5ac8b.jpg,Not found,Not found
train,img_00639_jpg.rf.3b2d03e82e6ffc180396027bdc87f8a4.jpg,Not found,Not found
train,img_00640_jpg.rf.229b5a0ccfa14b8830eba481062befff.jpg,Not found,Not found
train,img_00641_jpg.rf.223d0456646deee64fdc63d7a7aec82a.jpg,Not found,Not found
train,img_00643_jpg.rf.380d0736357256ddba325379cbcc758f.jpg,Not found,Not found
train,img_00644_jpg.rf.f921d3329e00ee0f32c6ad545080cb28.jpg,Not found,Not found
train,img_00646_jpg.rf.533d64589ce9a4def109b9f595710666.jpg,Not found,Not found
train,img_00647_jpg.rf.c87aa33bc6b9b01eddc9caf8bedf428d.jpg,Not found,Not found
train,img_00649_jpg.rf.89ef3e3168cc0b45daebe9d2bb11db60.jpg,Not found,Not found
train,img_00650_jpg.rf.7e7f5e2012b26560799ba80d7b7101e2.jpg,Not found,Not found
train,img_00651_jpg.rf.e874d40b8790663c47051a7ce696b3c5.jpg,Not found,Not found
train,img_00653_jpg.rf.bdd51d59f36372637515812c7bb1f0f9.jpg,Not found,Not found
train,img_00654_jpg.rf.60a815c2fde7f68e4f5e8e15d3fd9f32.jpg,Not found,Not found
train,img_00656_jpg.rf.d40c485cc1ffcc21f1bb42995e0e462f.jpg,2021-06-01,2021-06-01
train,img_00658_jpg.rf.08fb93a3cb33d6b585884f858ed6d08d.jpg,Not found,Not found
train,img_00659_jpg.rf.89270866874255f24a3157f819fcf59c.jpg,Not found,Not found
train,img_00660_jpg.rf.3a39ed138c8173c68a7ea52b1ecba2e7.jpg,Not found,Not found
train,img_00661_jpg.rf.55a9f541449513c4409ba833587fbb8f.jpg,Not found,Not found
train,img_00663_jpg.rf.1d198223ace885901d6b000401ca8ed6.jpg,Not found,Not found
train,img_00664_jpg.rf.d33dc8fae08b2df45af68f0841692bdb.jpg,2007-08-01,2007-08-01
train,img_00665_jpg.rf.fdfcaa32dac7231fe684c32d628fc0f9.jpg,Not found,Not found
train,img_00666_jpg.rf.dc40203de28288e42fa0576b5a01b6ca.jpg,Not found,Not found
train,img_00667_jpg.rf.40612bdec1f58b6e555a4278642e3b72.jpg,Not found,Not found
train,img_00669_jpg.rf.2b8b7e9764d7b35f8ab852b9fffaf1d9.jpg,Not found,Not found
train,img_00670_jpg.rf.45b0854a505fbcd6aed13a3733b55721.jpg,Not found,Not found
train,img_00671_jpg.rf.5e13a1c39f281d11712d2180b61e0c1c.jpg,2019-02-01,2019-02-01
train,img_00672_jpg.rf.74b6d1c493f4de21b6c6c188bc0d992c.jpg,Not found,Not found
train,img_00673_jpg.rf.fa7dd3bb546b5e71684728fe67f07cae.jpg,Not found,Not found
train,img_00674_jpg.rf.007442f374c71287d1195f8cfc3220cf.jpg,Not found,Not found
train,img_00675_jpg.rf.a9e891ffb205b4a4ada8882df8e4c073.jpg,Not found,Not found
train,img_00676_jpg.rf.04325dafc6f0d00615cfbfd9d573d2a1.jpg,Not found,Not found
train,img_00679_jpg.rf.ed873593899737e561a3b16851eaa891.jpg,Not found,Not found
train,img_00680_jpg.rf.54f49e670d9a6993f2dc256e972545a8.jpg,Not found,Not found
train,img_00682_jpg.rf.ee03906f3e8882fa4182ae86f18aeeeb.jpg,Not found,Not found
train,img_00686_jpg.rf.0d840aa6eb9cee555c5211b3da93fdae.jpg,Not found,Not found
train,img_00687_jpg.rf.d00d6a90712e491ff5724a5e756d0c89.jpg,Not found,Not found
train,img_00688_jpg.rf.35863efc76a65a89c0087c73ce7d5f24.jpg,Not found,Not found
train,img_00689_jpg.rf.0723c6e8820746944e3ea1e41f3db012.jpg,Not found,Not found
train,img_00690_jpg.rf.204c9b2a40df5824cf3139c1dd60d89c.jpg,Not found,Not found
train,img_00692_jpg.rf.977869d1a843f6acf182097ed8684cc9.jpg,Not found,Not found
train,img_00693_jpg.rf.2f03ff176cfddc82cffbcdc99c51dd04.jpg,Not found,Not found
train,img_00694_jpg.rf.893765e15963ab4feff78294de2a1bd1.jpg,Not found,Not found
train,img_00695_jpg.rf.6ecdf6d5b70cdccba49bcb4a95dcf566.jpg,Not found,Not found
train,img_00696_jpg.rf.9ea59cf125784120a27ba7e15e06202d.jpg,Not found,Not found
train,img_00698_jpg.rf.ce6bfa23bf48c796f956566fa79711fc.jpg,Not found,Not found
train,img_00699_jpg.rf.700457edb40f88e731c22bdd8cc8c58c.jpg,Not found,Not found
train,img_00700_jpg.rf.c321845f307292d53e6c7ec06c74cabd.jpg,Not found,Not found
test,img_00001_jpg.rf.99fb3a50330a121f0f65a777047f997b.jpg,Not found,Not found
test,img_00003_jpg.rf.9286b5c486ca7a399e3585688bb9a5fb.jpg,Not found,Not found
test,img_00019_jpg.rf.bd9be84d637765c3878d921699af36e5.jpg,Not found,Not found
test,img_00027_jpg.rf.ca1339cc2dc19331fb08909a522c4eec.jpg,Not found,Not found
test,img_00033_jpg.rf.e48c053b7348e5aed2c1da95554dd904.jpg,Not found,Not found
test,img_00041_jpg.rf.3dda680c2994b578056b1792ce579438.jpg,Not found,Not found
test,img_00046_jpg.rf.bd9f663c6cf4a7c102d6ac8c897577a2.jpg,Not found,Not found
test,img_00052_jpg.rf.00a0560bd4e276fc6aae13c24d308bdb.jpg,Not found,Not found
test,img_00064_jpg.rf.ebf5a135eeb97bce75654865bc346c9b.jpg,Not found,Not found
test,img_00068_jpg.rf.4728b368085cfb7961be26ab8f0562b6.jpg,Not found,Not found
test,img_00077_jpg.rf.96af08ca71a8947cc889775a83e249ec.jpg,Not found,Not found
test,img_00084_jpg.rf.9c7116a327a2d859330ed46591bf4cd8.jpg,Not found,Not found
test,img_00096_jpg.rf.4cd9cf7eea0b6193c2ef6e749122855f.jpg,Not found,Not found
test,img_00104_jpg.rf.c407c2f6d58ac7907113e938ede25e6f.jpg,Not found,Not found
test,img_00109_jpg.rf.4c6e8f0d87f63b94eaf62a47d959348f.jpg,Not found,Not found
test,img_00116_jpg.rf.076d255726b8bc4055cbadd60766e489.jpg,Not found,Not found
test,img_00117_jpg.rf.04718e7e43cf6a7ce4d6cdb74fc10a1a.jpg,Not found,Not found
test,img_00120_jpg.rf.d2a6752f7c4d7c64e65924eb4da8e49c.jpg,Not found,Not found
test,img_00126_jpg.rf.5eff14da0554ec21a13fe9d8cddce5c3.jpg,Not found,Not found
test,img_00138_jpg.rf.ef65b2701bf3e28fb19aeee4bc9cc2f2.jpg,Not found,Not found
test,img_00141_jpg.rf.0e5fd98ba9038098623bf4e0446dd318.jpg,Not found,Not found
test,img_00145_jpg.rf.edb0fc5ac540684c48d5408a176ece49.jpg,Not found,Not found
test,img_00175_jpg.rf.bae0b0e86bc0a72420a0e376bebee5a0.jpg,Not found,Not found
test,img_00182_jpg.rf.2204714522e51cd9224d9fbb40826b4e.jpg,Not found,Not found
test,img_00192_jpg.rf.35be1b0f269cf580eeea81328210ef6d.jpg,Not found,Not found
test,img_00200_jpg.rf.3f5464963c225502c753dedab577fc26.jpg,Not found,Not found
test,img_00201_jpg.rf.3c5bdfc14f6ba47584f4f04a2be1b184.jpg,Not found,Not found
test,img_00222_jpg.rf.a30aa60286892418d754f110c2c52455.jpg,Not found,Not found
test,img_00233_jpg.rf.cf539dd73fd9e42c16f9f6b826c63789.jpg,Not found,Not found
test,img_00235_jpg.rf.4b0490f6882d676e834677d521fc8593.jpg,Not found,Not found
test,img_00239_jpg.rf.e16278dbe39092a83087211e660a9f44.jpg,Not found,Not found
test,img_00274_jpg.rf.9e4037cc021a4ba278c0c0acf9fe5793.jpg,2005-07-01,2005-07-01
test,img_00358_jpg.rf.99f6992d91df8a2fcce9a88800d977f2.jpg,Not found,Not found
test,img_00365_jpg.rf.5b37445fa14f6c79698d7da4b4953958.jpg,Not found,Not found
test,img_00377_jpg.rf.61af8f7a7ddf4d7097e6a55ee6ae7e9e.jpg,Not found,Not found
test,img_00380_jpg.rf.2227289f13611361924afa1e35c493c2.jpg,2019-06-01,2019-06-01
test,img_00384_jpg.rf.a8337c81cba9a853d21599dc00d2abfb.jpg,Not found,Not found
test,img_00404_jpg.rf.f630f9bab9365ebde6f184408ac7acd6.jpg,Not found,Not found
test,img_00416_jpg.rf.e08807319f08b939054a51d0382649de.jpg,2020-04-01,2020-04-01
test,img_00434_jpg.rf.a6afbe3a32aadc3983e52da372a598cd.jpg,Not found,Not found
test,img_00447_jpg.rf.941ab5ce76361e3dca72939ba4d56c48.jpg,Not found,Not found
test,img_00454_jpg.rf.6aa38d46ca18c9bb59843b379f524dbf.jpg,Not found,Not found
test,img_00457_jpg.rf.5deb7056063ad52e221cd9b22a1f945a.jpg,Not found,Not found
test,img_00458_jpg.rf.69ca6a12a5be2de0febfba5180530605.jpg,Not found,Not found
test,img_00463_jpg.rf.e1b54e0861205ced656e96616b4642cc.jpg,Not found,Not found
test,img_00464_jpg.rf.f6b2843c743ddee575ef6de80396df3c.jpg,Not found,Not found
test,img_00466_jpg.rf.d6606b96740779e8a018d2f64beeaf7f.jpg,Not found,Not found
test,img_00479_jpg.rf.68b74acd226548586ef395d6a45c2b55.jpg,2023-09-22,2023-09-22
test,img_00486_jpg.rf.fc15ac7e3cb64dc353d57208efa8044c.jpg,Not found,Not found
test,img_00495_jpg.rf.af41f98a5eb9605e3d9059ce0fc7d29c.jpg,1998-10-01,1998-10-01
test,img_00523_jpg.rf.3d8ef4cfa1bdaec28606995fcfdd2c6b.jpg,Not found,Not found
test,img_00532_jpg.rf.ca03f066d0fb41c62519539a445e38d0.jpg,Not found,Not found
test,img_00547_jpg.rf.7acc700a58dfaadecb342513bf9523cf.jpg,Not found,Not found
test,img_00554_jpg.rf.7a495229c2ff926514a3b8b0bccbfd7e.jpg,Not found,Not found
test,img_00560_jpg.rf.e6d9713e600992402c8b219a2e5cb466.jpg,Not found,Not found
test,img_00561_jpg.rf.1f30396941cfcc47b8db22fd72cfa7b7.jpg,Not found,Not found
test,img_00574_jpg.rf.cbfca1ae42b999d6027a5615c16c0de7.jpg,Not found,Not found
test,img_00577_jpg.rf.ab987ca64a693400ebac6672cb9fda1e.jpg,Not found,Not found
test,img_00578_jpg.rf.55baec1eed4c8b298ade67872f44f71f.jpg,Not found,Not found
test,img_00585_jpg.rf.36a7414226a396f440ba8767d68e09bb.jpg,Not found,Not found
test,img_00592_jpg.rf.6f678ef513f8203cc17c33490849fb4e.jpg,Not found,Not found
test,img_00607_jpg.rf.c085f5de8dc40b952fec36c7f54a8585.jpg,Not found,Not found
test,img_00609_jpg.rf.7a17166e386088275c00405560e662a2.jpg,Not found,Not found
test,img_00642_jpg.rf.4374ea93d8804fc3dff2cd0e114a5167.jpg,Not found,Not found
test,img_00655_jpg.rf.f9fb844eb1606b595568329a318b8eb6.jpg,Not found,Not found
test,img_00677_jpg.rf.2133f4cb516806805f080e44af16eb6a.jpg,Not found,Not found
test,img_00678_jpg.rf.3c2fe9de36d39db5e5040cf9cb517fca.jpg,Not found,Not found
test,img_00685_jpg.rf.bc729653428ecfc3a8bbfe88a4b40a0d.jpg,Not found,Not found
test,img_00691_jpg.rf.0e9800bb620cd3ead3ba9feecf3bed8e.jpg,Not found,Not found
test,img_00697_jpg.rf.dacb4161624e8e47018cda1c1bc1ff77.jpg,2027-02-01,2027-02-01
